<?xml version="1.0" encoding="UTF-8"?>
<metadata xml:lang="en"><Esri><CreaDate>20180426</CreaDate><CreaTime>12215800</CreaTime><ArcGISFormat>1.0</ArcGISFormat><SyncOnce>FALSE</SyncOnce><DataProperties><itemProps><itemLocation><linkage Sync="TRUE">file://\\DESKTOP-9DJ3R2T\C$\Users\Owner\Documents\Employment\OCHA\OCHA FIS\CODs\CHN\CHN FIS 2018 04 23\chn_admbnda_adm0_ocha.shp</linkage><protocol Sync="TRUE">Local Area Network</protocol></itemLocation><itemName Sync="TRUE">chn_admbnda_adm0_ocha</itemName><imsContentType Sync="TRUE">002</imsContentType><itemSize Sync="TRUE">0.000</itemSize></itemProps><copyHistory><copy source="C:\Users\jmarinos\Desktop\UNOCHA\HDX\CHN_adm2_poly" dest="\\OCHA-16182216\Users\jmarinos\Desktop\UNOCHA\HDX\CHN_adm2_polyCopy" date="20180110" time="14323700"></copy></copyHistory><coordRef><type Sync="TRUE">Geographic</type><geogcsn Sync="TRUE">GCS_WGS_1984</geogcsn><csUnits Sync="TRUE">Angular Unit: Degree (0.017453)</csUnits><peXml Sync="TRUE">&lt;GeographicCoordinateSystem xsi:type='typens:GeographicCoordinateSystem' xmlns:xsi='http://www.w3.org/2001/XMLSchema-instance' xmlns:xs='http://www.w3.org/2001/XMLSchema' xmlns:typens='http://www.esri.com/schemas/ArcGIS/10.6'&gt;&lt;WKT&gt;GEOGCS[&amp;quot;GCS_WGS_1984&amp;quot;,DATUM[&amp;quot;D_WGS_1984&amp;quot;,SPHEROID[&amp;quot;WGS_1984&amp;quot;,6378137.0,298.257223563]],PRIMEM[&amp;quot;Greenwich&amp;quot;,0.0],UNIT[&amp;quot;Degree&amp;quot;,0.0174532925199433],AUTHORITY[&amp;quot;EPSG&amp;quot;,4326]]&lt;/WKT&gt;&lt;XOrigin&gt;-400&lt;/XOrigin&gt;&lt;YOrigin&gt;-400&lt;/YOrigin&gt;&lt;XYScale&gt;11258999068426.238&lt;/XYScale&gt;&lt;ZOrigin&gt;-100000&lt;/ZOrigin&gt;&lt;ZScale&gt;10000&lt;/ZScale&gt;&lt;MOrigin&gt;-100000&lt;/MOrigin&gt;&lt;MScale&gt;10000&lt;/MScale&gt;&lt;XYTolerance&gt;8.983152841195215e-09&lt;/XYTolerance&gt;&lt;ZTolerance&gt;0.001&lt;/ZTolerance&gt;&lt;MTolerance&gt;0.001&lt;/MTolerance&gt;&lt;HighPrecision&gt;true&lt;/HighPrecision&gt;&lt;LeftLongitude&gt;-180&lt;/LeftLongitude&gt;&lt;WKID&gt;4326&lt;/WKID&gt;&lt;LatestWKID&gt;4326&lt;/LatestWKID&gt;&lt;/GeographicCoordinateSystem&gt;</peXml></coordRef><lineage><Process ToolSource="c:\program files (x86)\arcgis\desktop10.4\ArcToolbox\Toolboxes\Conversion Tools.tbx\FeatureClassToFeatureClass" Date="20180110" Time="143332">FeatureClassToFeatureClass C:\Users\jmarinos\Desktop\UNOCHA\HDX\CHN_adm2_polyCopy.shp C:\Users\jmarinos\Desktop\UNOCHA\HDX\CHN_working.gdb\CHN_Adm2 CHN_adm2 # "OBJECTID "OBJECTID" true true false 10 Long 0 10 ,First,#,C:\Users\jmarinos\Desktop\UNOCHA\HDX\CHN_adm2_polyCopy.shp,OBJECTID,-1,-1;FID_1 "FID_1" true true false 19 Double 0 0 ,First,#,C:\Users\jmarinos\Desktop\UNOCHA\HDX\CHN_adm2_polyCopy.shp,FID_1,-1,-1;Prefecture "Prefecture" true true false 254 Text 0 0 ,First,#,C:\Users\jmarinos\Desktop\UNOCHA\HDX\CHN_adm2_polyCopy.shp,Prefecture,-1,-1;Province "Province" true true false 254 Text 0 0 ,First,#,C:\Users\jmarinos\Desktop\UNOCHA\HDX\CHN_adm2_polyCopy.shp,Province,-1,-1;Type_ENG "Type_ENG" true true false 254 Text 0 0 ,First,#,C:\Users\jmarinos\Desktop\UNOCHA\HDX\CHN_adm2_polyCopy.shp,Type_ENG,-1,-1;Prefectu_1 "Prefectu_1" true true false 254 Text 0 0 ,First,#,C:\Users\jmarinos\Desktop\UNOCHA\HDX\CHN_adm2_polyCopy.shp,Prefectu_1,-1,-1;Province_E "Province_E" true true false 254 Text 0 0 ,First,#,C:\Users\jmarinos\Desktop\UNOCHA\HDX\CHN_adm2_polyCopy.shp,Province_E,-1,-1;PROV_CODE "PROV_CODE" true true false 19 Double 0 0 ,First,#,C:\Users\jmarinos\Desktop\UNOCHA\HDX\CHN_adm2_polyCopy.shp,PROV_CODE,-1,-1;Prefectu_2 "Prefectu_2" true true false 254 Text 0 0 ,First,#,C:\Users\jmarinos\Desktop\UNOCHA\HDX\CHN_adm2_polyCopy.shp,Prefectu_2,-1,-1;PREF_CODE "PREF_CODE" true true false 15 Text 0 0 ,First,#,C:\Users\jmarinos\Desktop\UNOCHA\HDX\CHN_adm2_polyCopy.shp,PREF_CODE,-1,-1" #</Process><Process ToolSource="c:\program files (x86)\arcgis\desktop10.4\ArcToolbox\Toolboxes\Data Management Tools.tbx\CalculateField" Date="20180111" Time="152931">CalculateField CHN_adm2_poly_ocha Adm2_ENG [Prefectu_1] VB #</Process><Process ToolSource="c:\program files (x86)\arcgis\desktop10.4\ArcToolbox\Toolboxes\Data Management Tools.tbx\CalculateField" Date="20180111" Time="153036">CalculateField CHN_adm2_poly_ocha Adm2_PCODE [PREF_CODE] VB #</Process><Process ToolSource="c:\program files (x86)\arcgis\desktop10.4\ArcToolbox\Toolboxes\Data Management Tools.tbx\CalculateField" Date="20180111" Time="153119">CalculateField CHN_adm2_poly_ocha Adm1_ENG [Province_E] VB #</Process><Process ToolSource="c:\program files (x86)\arcgis\desktop10.4\ArcToolbox\Toolboxes\Data Management Tools.tbx\CalculateField" Date="20180111" Time="153213">CalculateField CHN_adm2_poly_ocha Adm1_PCODE [PROV_CODE] VB #</Process><Process ToolSource="c:\program files (x86)\arcgis\desktop10.4\ArcToolbox\Toolboxes\Data Management Tools.tbx\CalculateField" Date="20180111" Time="153300">CalculateField CHN_adm2_poly_ocha Admin_type [Type_ENG] VB #</Process><Process ToolSource="c:\program files (x86)\arcgis\desktop10.4\ArcToolbox\Toolboxes\Data Management Tools.tbx\CalculateField" Date="20180111" Time="153529">CalculateField CHN_adm2_poly_ocha Adm2_CAP [Prefectu_2] VB #</Process><Process ToolSource="c:\program files (x86)\arcgis\desktop10.4\ArcToolbox\Toolboxes\Data Management Tools.tbx\CalculateField" Date="20180111" Time="153625">CalculateField CHN_adm2_poly_ocha Adm2_CHN [Prefecture] VB #</Process><Process ToolSource="c:\program files (x86)\arcgis\desktop10.4\ArcToolbox\Toolboxes\Data Management Tools.tbx\CalculateField" Date="20180111" Time="153723">CalculateField CHN_adm2_poly_ocha Adm2_CHN [Prefecture] VB #</Process><Process ToolSource="c:\program files (x86)\arcgis\desktop10.4\ArcToolbox\Toolboxes\Data Management Tools.tbx\CalculateField" Date="20180111" Time="153801">CalculateField CHN_adm2_poly_ocha Adm1_CHN [Province] VB #</Process><Process ToolSource="c:\program files (x86)\arcgis\desktop10.6\ArcToolbox\Toolboxes\Analysis Tools.tbx\Clip" Date="20180423" Time="145114">Clip CHN_adm2_poly_ocha UNCS_CHN "C:\Users\Owner\Documents\Employment\OCHA\OCHA FIS\CODs\CHN\CHN_adm2_poly_ocha_UNCS_V3.shp" #</Process><Process ToolSource="c:\program files (x86)\arcgis\desktop10.6\ArcToolbox\Toolboxes\Data Management Tools.tbx\CalculateField" Date="20180426" Time="104904">CalculateField chn_admbnda_adm2_ocha ADM2_EN [Adm2_ENG] VB #</Process><Process ToolSource="c:\program files (x86)\arcgis\desktop10.6\ArcToolbox\Toolboxes\Data Management Tools.tbx\CalculateField" Date="20180426" Time="105540">CalculateField chn_admbnda_adm2_ocha ADM2_ZH [Adm2_CHN] VB #</Process><Process ToolSource="c:\program files (x86)\arcgis\desktop10.6\ArcToolbox\Toolboxes\Data Management Tools.tbx\CalculateField" Date="20180426" Time="105856">CalculateField chn_admbnda_adm2_ocha x [Adm2_PCODE] VB #</Process><Process ToolSource="c:\program files (x86)\arcgis\desktop10.6\ArcToolbox\Toolboxes\Data Management Tools.tbx\CalculateField" Date="20180426" Time="105937">CalculateField chn_admbnda_adm2_ocha ADM2_PCODE [x] VB #</Process><Process ToolSource="c:\program files (x86)\arcgis\desktop10.6\ArcToolbox\Toolboxes\Data Management Tools.tbx\CalculateField" Date="20180426" Time="110014">CalculateField chn_admbnda_adm2_ocha ADM1_EN [Adm1_ENG] VB #</Process><Process ToolSource="c:\program files (x86)\arcgis\desktop10.6\ArcToolbox\Toolboxes\Data Management Tools.tbx\CalculateField" Date="20180426" Time="110109">CalculateField chn_admbnda_adm2_ocha ADM1_ZH [Adm1_CHN] VB #</Process><Process ToolSource="c:\program files (x86)\arcgis\desktop10.6\ArcToolbox\Toolboxes\Data Management Tools.tbx\CalculateField" Date="20180426" Time="110148">CalculateField chn_admbnda_adm2_ocha X [Adm1_PCODE] VB #</Process><Process ToolSource="c:\program files (x86)\arcgis\desktop10.6\ArcToolbox\Toolboxes\Data Management Tools.tbx\CalculateField" Date="20180426" Time="110252">CalculateField chn_admbnda_adm2_ocha ADM1_PCODE [X] VB #</Process><Process ToolSource="c:\program files (x86)\arcgis\desktop10.6\ArcToolbox\Toolboxes\Data Management Tools.tbx\CalculateField" Date="20180426" Time="110336">CalculateField chn_admbnda_adm2_ocha ADM0_EN "China" VB #</Process><Process ToolSource="c:\program files (x86)\arcgis\desktop10.6\ArcToolbox\Toolboxes\Data Management Tools.tbx\CalculateField" Date="20180426" Time="110437">CalculateField chn_admbnda_adm2_ocha ADM0_ZH "中国" VB #</Process><Process ToolSource="c:\program files (x86)\arcgis\desktop10.6\ArcToolbox\Toolboxes\Data Management Tools.tbx\CalculateField" Date="20180426" Time="110508">CalculateField chn_admbnda_adm2_ocha ADM0_PCODE "CN" VB #</Process><Process ToolSource="c:\program files (x86)\arcgis\desktop10.6\ArcToolbox\Toolboxes\Data Management Tools.tbx\CalculateField" Date="20180426" Time="111453">CalculateField chn_admbnda_adm2_ocha aaa ""CH"&amp; [ADM1_PCODE]" VB #</Process><Process ToolSource="c:\program files (x86)\arcgis\desktop10.6\ArcToolbox\Toolboxes\Data Management Tools.tbx\CalculateField" Date="20180426" Time="111507">CalculateField chn_admbnda_adm2_ocha aaa ""CN"&amp; [ADM1_PCODE]" VB #</Process><Process ToolSource="c:\program files (x86)\arcgis\desktop10.6\ArcToolbox\Toolboxes\Data Management Tools.tbx\CalculateField" Date="20180426" Time="111521">CalculateField chn_admbnda_adm2_ocha ADM1_PCODE [aaa] VB #</Process><Process ToolSource="c:\program files (x86)\arcgis\desktop10.6\ArcToolbox\Toolboxes\Data Management Tools.tbx\CalculateField" Date="20180426" Time="111551">CalculateField chn_admbnda_adm2_ocha aaa "CN"&amp;[ADM2_PCODE] VB #</Process><Process ToolSource="c:\program files (x86)\arcgis\desktop10.6\ArcToolbox\Toolboxes\Data Management Tools.tbx\CalculateField" Date="20180426" Time="111605">CalculateField chn_admbnda_adm2_ocha ADM2_PCODE [aaa] VB #</Process><Process ToolSource="c:\program files (x86)\arcgis\desktop10.6\ArcToolbox\Toolboxes\Data Management Tools.tbx\CalculateField" Date="20180426" Time="111656">CalculateField chn_admbnda_adm2_ocha ADM1_PCODE LEFT([ADM2_PCODE],5) VB #</Process><Process ToolSource="c:\program files (x86)\arcgis\desktop10.6\ArcToolbox\Toolboxes\Conversion Tools.tbx\FeatureClassToFeatureClass" Date="20180426" Time="113012">FeatureClassToFeatureClass chn_admbnda_adm2_ocha "C:\Users\Owner\Documents\Employment\OCHA\OCHA FIS\CODs\CHN\CHN FIS 2018 04 23\New File Geodatabase.gdb\chn" chn_adm2 # "Admin_type "Admin_type" true true false 40 Text 0 0 ,First,#,chn_admbnda_adm2_ocha,Admin_type,-1,-1;Adm2_CAP "Adm2_CAP" true true false 40 Text 0 0 ,First,#,chn_admbnda_adm2_ocha,Adm2_CAP,-1,-1;ADM2_EN "ADM2_EN" true true false 50 Text 0 0 ,First,#,chn_admbnda_adm2_ocha,ADM2_EN,-1,-1;ADM2_ZH "ADM2_ZH" true true false 50 Text 0 0 ,First,#,chn_admbnda_adm2_ocha,ADM2_ZH,-1,-1;ADM2_PCODE "ADM2_PCODE" true true false 50 Text 0 0 ,First,#,chn_admbnda_adm2_ocha,ADM2_PCODE,-1,-1;ADM1_EN "ADM1_EN" true true false 50 Text 0 0 ,First,#,chn_admbnda_adm2_ocha,ADM1_EN,-1,-1;ADM1_ZH "ADM1_ZH" true true false 50 Text 0 0 ,First,#,chn_admbnda_adm2_ocha,ADM1_ZH,-1,-1;ADM1_PCODE "ADM1_PCODE" true true false 50 Text 0 0 ,First,#,chn_admbnda_adm2_ocha,ADM1_PCODE,-1,-1;ADM0_EN "ADM0_EN" true true false 50 Text 0 0 ,First,#,chn_admbnda_adm2_ocha,ADM0_EN,-1,-1;ADM0_ZH "ADM0_ZH" true true false 50 Text 0 0 ,First,#,chn_admbnda_adm2_ocha,ADM0_ZH,-1,-1;ADM0_PCODE "ADM0_PCODE" true true false 50 Text 0 0 ,First,#,chn_admbnda_adm2_ocha,ADM0_PCODE,-1,-1" #</Process><Process ToolSource="c:\program files (x86)\arcgis\desktop10.6\ArcToolbox\Toolboxes\Data Management Tools.tbx\Dissolve" Date="20180426" Time="122315">Dissolve chn_admbnda_adm2_ocha "C:\Users\Owner\Documents\Employment\OCHA\OCHA FIS\CODs\CHN\CHN FIS 2018 04 23\chn_admbnda_adm0_ocha.shp" ADM0_EN;ADM0_ZH;ADM0_PCODE # MULTI_PART DISSOLVE_LINES</Process></lineage></DataProperties><SyncDate>20180426</SyncDate><SyncTime>12231400</SyncTime><ModDate>20180426</ModDate><ModTime>12231400</ModTime></Esri><dataIdInfo><envirDesc Sync="TRUE"> Version 6.2 (Build 9200) ; Esri ArcGIS 10.6.0.8321</envirDesc><dataLang><languageCode value="eng" Sync="TRUE"></languageCode><countryCode value="CAN" Sync="TRUE"></countryCode></dataLang><idCitation><resTitle Sync="TRUE">chn_admbnda_adm0_ocha</resTitle><presForm><PresFormCd value="005" Sync="TRUE"></PresFormCd></presForm></idCitation><spatRpType><SpatRepTypCd value="001" Sync="TRUE"></SpatRepTypCd></spatRpType></dataIdInfo><mdLang><languageCode value="eng" Sync="TRUE"></languageCode><countryCode value="CAN" Sync="TRUE"></countryCode></mdLang><distInfo><distFormat><formatName Sync="TRUE">Shapefile</formatName></distFormat><distTranOps><transSize Sync="TRUE">0.000</transSize></distTranOps></distInfo><mdHrLv><ScopeCd value="005" Sync="TRUE"></ScopeCd></mdHrLv><mdHrLvName Sync="TRUE">dataset</mdHrLvName><refSysInfo><RefSystem><refSysID><identCode code="4326" Sync="TRUE"></identCode><idCodeSpace Sync="TRUE">EPSG</idCodeSpace><idVersion Sync="TRUE">6.14(3.0.1)</idVersion></refSysID></RefSystem></refSysInfo><spatRepInfo><VectSpatRep><geometObjs Name="chn_admbnda_adm0_ocha"><geoObjTyp><GeoObjTypCd value="002" Sync="TRUE"></GeoObjTypCd></geoObjTyp><geoObjCnt Sync="TRUE">0</geoObjCnt></geometObjs><topLvl><TopoLevCd value="001" Sync="TRUE"></TopoLevCd></topLvl></VectSpatRep></spatRepInfo><spdoinfo><ptvctinf><esriterm Name="chn_admbnda_adm0_ocha"><efeatyp Sync="TRUE">Simple</efeatyp><efeageom code="4" Sync="TRUE"></efeageom><esritopo Sync="TRUE">FALSE</esritopo><efeacnt Sync="TRUE">0</efeacnt><spindex Sync="TRUE">FALSE</spindex><linrefer Sync="TRUE">FALSE</linrefer></esriterm></ptvctinf></spdoinfo><eainfo><detailed Name="chn_admbnda_adm0_ocha"><enttyp><enttypl Sync="TRUE">chn_admbnda_adm0_ocha</enttypl><enttypt Sync="TRUE">Feature Class</enttypt><enttypc Sync="TRUE">0</enttypc></enttyp><attr><attrlabl Sync="TRUE">FID</attrlabl><attalias Sync="TRUE">FID</attalias><attrtype Sync="TRUE">OID</attrtype><attwidth Sync="TRUE">4</attwidth><atprecis Sync="TRUE">0</atprecis><attscale Sync="TRUE">0</attscale><attrdef Sync="TRUE">Internal feature number.</attrdef><attrdefs Sync="TRUE">Esri</attrdefs><attrdomv><udom Sync="TRUE">Sequential unique whole numbers that are automatically generated.</udom></attrdomv></attr><attr><attrlabl Sync="TRUE">Shape</attrlabl><attalias Sync="TRUE">Shape</attalias><attrtype Sync="TRUE">Geometry</attrtype><attwidth Sync="TRUE">0</attwidth><atprecis Sync="TRUE">0</atprecis><attscale Sync="TRUE">0</attscale><attrdef Sync="TRUE">Feature geometry.</attrdef><attrdefs Sync="TRUE">Esri</attrdefs><attrdomv><udom Sync="TRUE">Coordinates defining the features.</udom></attrdomv></attr><attr><attrlabl Sync="TRUE">ADM0_EN</attrlabl><attalias Sync="TRUE">ADM0_EN</attalias><attrtype Sync="TRUE">String</attrtype><attwidth Sync="TRUE">50</attwidth><atprecis Sync="TRUE">0</atprecis><attscale Sync="TRUE">0</attscale></attr><attr><attrlabl Sync="TRUE">ADM0_ZH</attrlabl><attalias Sync="TRUE">ADM0_ZH</attalias><attrtype Sync="TRUE">String</attrtype><attwidth Sync="TRUE">50</attwidth><atprecis Sync="TRUE">0</atprecis><attscale Sync="TRUE">0</attscale></attr><attr><attrlabl Sync="TRUE">ADM0_PCODE</attrlabl><attalias Sync="TRUE">ADM0_PCODE</attalias><attrtype Sync="TRUE">String</attrtype><attwidth Sync="TRUE">50</attwidth><atprecis Sync="TRUE">0</atprecis><attscale Sync="TRUE">0</attscale></attr></detailed></eainfo><mdDateSt Sync="TRUE">20180426</mdDateSt><mdChar><CharSetCd value="004" Sync="TRUE"></CharSetCd></mdChar></metadata>
